ID_Compte;Nom_Compte;Media;Type;ID_Action;Action;Dossier;Categorie;Profil_Envoi;Date_Envoi;Objet;Libelle_Expediteur;Expediteur;Taux_Reactivite;Cibles;Envoyes;Aboutis;Taux_Delivrabilite;Hard;Soft;SPam;Ouvreurs;Taux_Ouverture;Ouvreurs_TXT;Clics;Cliqueurs;Cliqueurs_effectifs;Taux_Clic_Unique;Desabo;Plaintes;Taux_Desabonnement
02N;REACTIVITE - FR;EMAIL;Campaign;AJBSQ02N-002624;BP_230718_ODV_AB_TEST_01;ODV;non_categorisee;Certif +;2023-07-18 11:03:00;{{=global.datas("Textetransparent",1).get("TITRE")}};{{= target.properties.get("sender") }};newsletter@news.easyvoyage.com;6,3;45014;44996;39194;87,1;2;107;5693;2343;6,0;14;243;166;148;0,4;18;6;0,0
02N;REACTIVITE - FR;EMAIL;Campaign;AJBSQ02N-002625;ActuDuVoyage_2023-07-18_A;Mes Dossiers;non_categorisee;Reactivation;2023-07-18 06:00:00;"Juste un peu de citron et c’est tout !" : 3 cabanes ostréicoles incontournables où déguster les huîtres du bassin d'Arcachon • Des vols pour Miami à moins de 250€ avec la nouvelle liaison de Norse Atlantic Airways • Bretagne : l'île de Bréhat soumise à un quota, mais pourquoi attire-t-elle autant les touristes ?;Easyvoyage -  Le Mag';newsletter@info.easyvoyage.com;16,8;158458;156611;155871;99,5;179;505;56;1016;0,7;0;281;194;171;0,1;23;42;0,0
02N;REACTIVITE - FR;EMAIL;Campaign;AJBSQ02N-00262B;BP_230718_ODV_AB_TEST_02;ODV;non_categorisee;Certif +;2023-07-18 11:06:00;Pause estivale dès 25E : Malte, les îles Canaries, Sardaigne, Grèce;{{= target.properties.get("sender") }};newsletter@news.easyvoyage.com;6,3;45014;44992;39344;87,4;7;99;5542;2524;6,4;0;229;166;158;0,4;8;6;0,0
02N;REACTIVITE - FR;EMAIL;Campaign;AJBSQ02N-00262G;DEM_230720_LOGITRAVEL_AB_TEST_01;DEM_JEUDI_1;non_categorisee;Certif +;2023-07-20 08:00:00;??Vente flash : une semaine de rêve en Grèce dès 467E;{{= target.properties.get("sender") }};newsletter@news.easyvoyage.com;11,7;40014;40001;38389;96;1;1447;164;1818;4,7;8;330;224;212;0,6;12;5;0,0
02N;REACTIVITE - FR;EMAIL;Campaign;AJBSQ02N-00262O;DEM_230719_LIDL_OverrideCertif+;DEM_MERCREDI_2;non_categorisee;Override Certif+;2023-07-19 14:30:00;? 1 semaine de vacances à moins de 500E: Tunisie, Maroc, Portugal, Espagne....;{{= target.properties.get("sender") }};newsletter@news.easyvoyage.com;15,8;139380;139365;136838;98,2;2;1284;1241;18665;13,6;50;4670;2984;2954;2,2;30;12;0,0
02N;REACTIVITE - FR;EMAIL;Campaign;AJBSQ02N-00262P;BP_230718_ODV_PRINCIPALE;ODV;non_categorisee;Principal (O/R);2023-07-18 19:02:00;{{=global.datas("Textetransparent",1).get("TITRE")}};{{= target.properties.get("sender") }};newsletter@news.easyvoyage.com;5,6;644245;556467;555461;99,8;46;631;329;54605;9,8;167;4585;3260;3061;0,6;199;111;0,0
02N;REACTIVITE - FR;EMAIL;Campaign;AJBSQ02N-00262Q;BP_230718_ODV_SECONDAIRE;ODV;non_categorisee;Secondaire (O/R);2023-07-18 19:04:00;{{=global.datas("Textetransparent",1).get("TITRE")}};{{= target.properties.get("sender") }};newsletter@news.easyvoyage.com;10;329168;287768;286777;99,7;19;733;239;3207;1,1;0;485;373;320;0,1;53;17;0,0
02N;REACTIVITE - FR;EMAIL;Campaign;AJBSQ02N-00262S;ActuDuVoyage_2023-07-20_Test;Mes Dossiers;non_categorisee;Reactivation;2023-07-20 06:00:00;SNCF : la carte Avantage plus si avantageuse… les prix des billets vont augmenter !    •  Attention, ces habitudes à la plage pourraient vous coûter cher au Portugal (jusqu'à 36 000€ d'amende)    •  Le lac de Barbie ! L'eau rose de la lagune de Torrevieja en Espagne;Easyvoyage -  Le Mag';newsletter@info.easyvoyage.com;0;14;6;6;100;0;0;0;0;0,0;0;0;0;0;0,0;0;0;0,0
02N;REACTIVITE - FR;EMAIL;Campaign;AJBSQ02N-00262T;DEM_230719_TUI_AB_TEST_01;DEM_MERCREDI_1;non_categorisee;Certif +;2023-07-19 11:00:00;? 1 SEMAINE : faites le plein de vacances dès 511€ : Maroc, Tunisie, Grèce, Espagne...;tui@news.easyvoyage.com;newsletter@news.easyvoyage.com;11,2;40000;40000;38593;96,5;3;187;1217;4550;11,8;17;764;523;510;1,4;13;13;0,0
02N;REACTIVITE - FR;EMAIL;Campaign;AJBSQ02N-00262U;DEM_230719_TUI_AB_TEST_02;DEM_MERCREDI_1;non_categorisee;Certif +;2023-07-19 11:00:00;??Clubs en tout inclus : Tunisie dès 511E | l'Espagne dès 569E | le Maroc dès 559E;tui@news.easyvoyage.com;newsletter@news.easyvoyage.com;13,7;40000;40000;38592;96,5;2;193;1213;4248;11,0;0;902;600;583;1,6;17;20;0,0
02N;REACTIVITE - FR;EMAIL;Campaign;AJBSQ02N-00262V;ActuDuVoyage_2023-07-20_Test;Mes Dossiers;non_categorisee;Reactivation;2023-07-20 06:00:00;tetst  •  partie 2  •  partie 3;Easyvoyage -  Le Mag';newsletter@info.easyvoyage.com;0;14;6;6;100;0;0;0;0;0,0;0;0;0;0;0,0;0;0;0,0
02N;REACTIVITE - FR;EMAIL;Campaign;AJBSQ02N-00262W;ActuDuVoyage_2023-07-20_Test;Mes Dossiers;non_categorisee;Reactivation;2023-07-20 06:00:00;tetst     •   partie 2     •    partie 3   ;Easyvoyage -  Le Mag';newsletter@info.easyvoyage.com;0;14;6;6;100;0;0;0;0;0,0;0;0;0;0;0,0;0;0;0,0
02N;REACTIVITE - FR;EMAIL;Campaign;AJBSQ02N-00262X;DEM_230719_LIDL_Certif+;DEM_MERCREDI_2;non_categorisee;Certif +;2023-07-19 14:30:00;? 1 semaine de vacances à moins de 500E: Tunisie, Maroc, Portugal, Espagne....;{{= target.properties.get("sender") }};newsletter@news.easyvoyage.com;9;68182;68166;66966;98,2;6;273;921;6135;9,2;0;887;599;554;0,9;45;34;0,1
02N;REACTIVITE - FR;EMAIL;Campaign;AJBSQ02N-00262Y;DEM_230719_LIDL_Reactivation;DEM_MERCREDI_2;non_categorisee;Reactivation;2023-07-19 14:30:00;? 1 semaine de vacances à moins de 500E: Tunisie, Maroc, Portugal, Espagne....;{{= target.properties.get("sender") }};newsletter@info.easyvoyage.com;86,7;6145;6138;6127;99,8;0;11;0;15;0,2;0;20;14;13;0,2;1;0;0,0
02N;REACTIVITE - FR;EMAIL;Campaign;AJBSQ02N-002632;DEM_230720_CATLANTE_AB_TEST_01;DEM_JEUDI_2;non_categorisee;Certif +;2023-07-20 14:38:00;Pleines voiles vers l'inconnu ? , la Corse par les Îles Lavezzi et Scandola, les Seychelles et la Sardaigne...;{{= target.properties.get("sender") }};newsletter@news.easyvoyage.com;8,1;26013;26004;24803;95,4;1;1091;109;2578;10,4;0;301;221;209;0,9;12;6;0,0
02N;REACTIVITE - FR;EMAIL;Campaign;AJBSQ02N-002639;DEM_230719_TUI_OverrideCertif+;DEM_MERCREDI_1;non_categorisee;Override Certif+;2023-07-19 18:30:00;??Clubs en tout inclus : Tunisie dès 511E | l'Espagne dès 569E | le Maroc dès 559E;tui@news.easyvoyage.com;newsletter@news.easyvoyage.com;14,4;127258;81026;79573;98,2;1;737;715;10694;13,4;20;2395;1565;1542;2,0;23;14;0,0
02N;REACTIVITE - FR;EMAIL;Campaign;AJBSQ02N-00263A;DEM_230719_TUI_Certif+;DEM_MERCREDI_1;non_categorisee;Certif +;2023-07-19 18:30:00;??Clubs en tout inclus : Tunisie dès 511E | l'Espagne dès 569E | le Maroc dès 559E;tui@news.easyvoyage.com;newsletter@news.easyvoyage.com;9,6;88683;56452;55555;98,4;5;270;622;4986;9,0;0;716;518;477;0,9;41;27;0,1
02N;REACTIVITE - FR;EMAIL;Campaign;AJBSQ02N-00263C;DEM_230719_TUI_Reactivation;DEM_MERCREDI_1;non_categorisee;Reactivation;2023-07-19 18:30:00;??Clubs en tout inclus : Tunisie dès 511E | l'Espagne dès 569E | le Maroc dès 559E;tui@news.easyvoyage.com;newsletter@info.easyvoyage.com;127,3;5519;3917;3901;99,6;0;12;4;11;0,3;0;19;15;14;0,4;1;0;0,0
02N;REACTIVITE - FR;EMAIL;Campaign;AJBSQ02N-00263D;ActuDuVoyage_2023-07-20_B;Mes Dossiers;non_categorisee;Reactivation;2023-07-20 06:00:00;Seuls les vrais fans d’Harry Potter reconnaîtront ces lieux (vous en faites partie ?) • Les gorges du Tarn, un paradis naturel aussi beau que les gorges du Verdon (à visiter avant qu'il ne soit trop tard !) • "Une avancée pour la protection de l’environnement", l'accès à Porquerolles bientôt limité !;Easyvoyage -  Le Mag';newsletter@info.easyvoyage.com;9,4;35339;35092;34908;99,5;49;117;18;307;0,9;0;71;37;29;0,1;8;1;0,0
02N;REACTIVITE - FR;EMAIL;Campaign;AJBSQ02N-00263E;ActuDuVoyage_2023-07-20_EasyWorthyActive;Mes Dossiers;non_categorisee;Certif +;2023-07-20 06:00:00;Attention, ces habitudes à la plage pourraient vous coûter cher au Portugal (jusqu'à 36 000€ d'amende) • Le lac de Barbie ! L'eau rose de la lagune de Torrevieja en Espagne • "Une avancée pour la protection de l’environnement", l'accès à Porquerolles bientôt limité !;Easyvoyage -  Le Mag';newsletter@news.easyvoyage.com;6;372845;370587;363615;98,1;12;6410;550;39098;10,8;266;3355;2364;2327;0,7;37;23;0,0
02N;REACTIVITE - FR;EMAIL;Campaign;AJBSQ02N-00263J;DEM_230720_LOGITRAVEL_AB_TEST_02;DEM_JEUDI_1;non_categorisee;Certif +;2023-07-20 08:00:00;Jusqu'à -15% sur vos vacances : Grèce, Espagne, Tunisie dès 315E;{{= target.properties.get("sender") }};newsletter@news.easyvoyage.com;8,8;40014;39997;38416;96;3;1422;156;1668;4,3;10;234;160;147;0,4;13;6;0,0
02N;REACTIVITE - FR;EMAIL;Campaign;AJBSQ02N-00263N;DEM_230720_LOGITRAVEL_Certif+;DEM_JEUDI_1;non_categorisee;Certif +;2023-07-20 11:30:00;??Vente flash : une semaine de rêve en Grèce dès 487E;{{= target.properties.get("sender") }};newsletter@news.easyvoyage.com;7,4;71203;44538;43821;98,4;5;598;114;1974;4,5;12;209;162;146;0,4;16;21;0,0
02N;REACTIVITE - FR;EMAIL;Campaign;AJBSQ02N-00263O;DEM_230720_LOGITRAVEL_Reactivation;DEM_JEUDI_1;non_categorisee;Reactivation;2023-07-20 11:30:00;??Vente flash : une semaine de rêve en Grèce dès 487E;{{= target.properties.get("sender") }};newsletter@info.easyvoyage.com;120;8020;4992;4973;99,6;0;10;9;10;0,2;0;14;12;12;0,2;0;0;0,0
02N;REACTIVITE - FR;EMAIL;Campaign;AJBSQ02N-00263P;DEM_230720_LOGITRAVEL_OverrideCertif+;DEM_JEUDI_1;non_categorisee;Override Certif+;2023-07-20 11:30:00;??Vente flash : une semaine de rêve en Grèce dès 487E;{{= target.properties.get("sender") }};newsletter@news.easyvoyage.com;15,1;134346;83891;82356;98,2;0;763;772;4592;5,6;12;1160;718;692;0,9;26;12;0,0
02N;REACTIVITE - FR;EMAIL;Campaign;AJBSQ02N-00263S;DEM_230721_LECLERC_AB_TEST_01;DEM_VENDREDI_1;non_categorisee;Certif +;2023-07-21 10:45:00;Croisière en Méditérranée dès 402E, Tunisie en tout compris dès 302E, Maroc en 4* dès 295E;{{= target.properties.get("sender") }};newsletter@news.easyvoyage.com;13,9;42012;41986;40214;95,8;1;193;1578;3971;9,9;0;824;563;552;1,4;11;5;0,0
02N;REACTIVITE - FR;EMAIL;Campaign;AJBSQ02N-00263T;DEM_230720_CATLANTE_AB_TEST_02;DEM_JEUDI_2;non_categorisee;Certif +;2023-07-20 14:39:00;? Levez l'ancre pour une croisière inoubliable, découvez les Seychelles, la Sardaigne et les Îles Lavezzi !;{{= target.properties.get("sender") }};newsletter@news.easyvoyage.com;9,2;26014;26005;24789;95,3;1;1100;115;2603;10,5;10;334;248;240;1,0;8;3;0,0
02N;REACTIVITE - FR;EMAIL;Campaign;AJBSQ02N-00263X;ActuDuVoyage_2023-07-21_B;Mes Dossiers;non_categorisee;Reactivation;2023-07-21 06:00:00;Fuyez la canicule dans ces lieux frais et insolites en France • Exit les bus ou les métros, à Toulouse les touristes survolent la ville pour se déplacer ! • Ça va bouger cet été : la SNCF casse les prix sur 300 000 billets !;Easyvoyage -  Le Mag';newsletter@info.easyvoyage.com;10,6;39158;38913;38668;99,4;109;133;3;398;1,0;0;62;48;42;0,1;6;3;0,0
02N;REACTIVITE - FR;EMAIL;Campaign;AJBSQ02N-00263Z;DEM_230720_CATLANTE_OverrideCertif+;DEM_JEUDI_2;non_categorisee;Override Certif+;2023-07-20 18:30:00;? Levez l'ancre pour une croisière inoubliable, découvez les Seychelles, la Sardaigne et les Îles Lavezzi !;{{= target.properties.get("sender") }};newsletter@news.easyvoyage.com;9,3;90517;54888;53923;98,2;2;508;455;6021;11,2;53;811;572;562;1,1;10;4;0,0
02N;REACTIVITE - FR;EMAIL;Campaign;AJBSQ02N-002641;DEM_230720_CATLANTE_Certif+;DEM_JEUDI_2;non_categorisee;Certif +;2023-07-20 18:30:00;? Levez l'ancre pour une croisière inoubliable, découvez les Seychelles, la Sardaigne et les Îles Lavezzi !;{{= target.properties.get("sender") }};newsletter@news.easyvoyage.com;7,6;36794;22521;21955;97,5;2;516;48;1583;7,2;0;164;132;121;0,6;11;6;0,1
02N;REACTIVITE - FR;EMAIL;Campaign;AJBSQ02N-002642;DEM_230720_CATLANTE_Reactivation;DEM_JEUDI_2;non_categorisee;Reactivation;2023-07-20 18:30:00;? Levez l'ancre pour une croisière inoubliable, découvez les Seychelles, la Sardaigne et les Îles Lavezzi !;{{= target.properties.get("sender") }};newsletter@info.easyvoyage.com;112,5;5351;3578;3538;98,9;0;7;33;8;0,2;0;19;9;9;0,3;0;1;0,0
02N;REACTIVITE - FR;EMAIL;Campaign;AJBSQ02N-002644;DEM_230721_LECLERC_AB_TEST_02;DEM_VENDREDI_1;non_categorisee;Certif +;2023-07-21 10:45:00;?? Les Canaries, Tunisie, Tenerife, Maroc, Majorque, Côte d'Azur... Dès 229E;{{= target.properties.get("sender") }};newsletter@news.easyvoyage.com;14,3;42013;41988;40288;96;1;173;1526;4091;10,2;6;952;595;585;1,5;10;5;0,0
02N;REACTIVITE - FR;EMAIL;Campaign;AJBSQ02N-00264H;DEM_230721_LECLERC_OverrideCertif+;DEM_VENDREDI_1;non_categorisee;Override Certif+;2023-07-21 18:30:00;?? Les Canaries, Tunisie, Tenerife, Maroc, Majorque, Côte d'Azur... Dès 229E;{{= target.properties.get("sender") }};newsletter@news.easyvoyage.com;16,9;134579;81106;79704;98,3;3;694;705;9333;11,7;0;2535;1598;1578;2,0;20;7;0,0
02N;REACTIVITE - FR;EMAIL;Campaign;AJBSQ02N-00264I;DEM_230721_LECLERC_Certif+;DEM_VENDREDI_1;non_categorisee;Certif +;2023-07-21 18:30:00;?? Les Canaries, Tunisie, Tenerife, Maroc, Majorque, Côte d'Azur... Dès 229E;{{= target.properties.get("sender") }};newsletter@news.easyvoyage.com;8,4;72501;44009;43296;98,4;6;162;545;3132;7,2;0;396;278;262;0,6;16;13;0,0
02N;REACTIVITE - FR;EMAIL;Campaign;AJBSQ02N-00264J;DEM_230721_LECLERC_Reactivation;DEM_VENDREDI_1;non_categorisee;Reactivation;2023-07-21 18:30:00;?? Les Canaries, Tunisie, Tenerife, Maroc, Majorque, Côte d'Azur... Dès 229E;{{= target.properties.get("sender") }};newsletter@info.easyvoyage.com;20;5375;3233;3222;99,7;0;6;5;10;0,3;0;2;2;2;0,1;0;0;0,0
02N;REACTIVITE - FR;EMAIL;Campaign;AJBSQ02N-00264R;BP_230722_GEO_SPECIALE_PRINCIPALE;GEOLOC;non_categorisee;Principal (O/R);2023-07-22 11:00:00;Cap sur le soleil ?? : Barcelone, Lisbonne, Marrakech, Mexique dès 27E;{{= target.properties.get("sender") }};newsletter@news.easyvoyage.com;6,4;651873;620481;619479;99,8;41;698;263;55528;9,0;104;5012;3727;3550;0,6;177;83;0,0
02N;REACTIVITE - FR;EMAIL;Campaign;AJBSQ02N-00264S;BP_230722_GEO_SPECIALE_SECONDAIRE;GEOLOC;non_categorisee;Secondaire (O/R);2023-07-22 11:00:00;Cap sur le soleil ?? : Barcelone, Lisbonne, Marrakech, Mexique dès 27E;{{= target.properties.get("sender") }};newsletter@news.easyvoyage.com;13,7;321941;309920;308985;99,7;9;788;138;2668;0,9;0;506;420;366;0,1;54;19;0,0
02N;REACTIVITE - FR;EMAIL;Campaign;AJBSQ02N-00264U;ActuDuVoyage_2023-07-23_B;Mes Dossiers;non_categorisee;Reactivation;2023-07-23 06:00:00;Dormir dans un 4* ou rien ! 3 hôtels de rêve à moins de 100€ la nuit à Séville, c’est possible • Les Parisiens, et si dans deux heures vous étiez à la mer ? Les plages les plus proches de la capitale • À Amsterdam, la croisière ne s’amuse plus : les bateaux de croisière désormais interdits;Easyvoyage -  Le Mag';newsletter@info.easyvoyage.com;9,4;42184;41923;41717;99,5;62;142;2;724;1,7;0;92;75;68;0,2;7;11;0,0
02N;REACTIVITE - FR;EMAIL;Campaign;AJBSQ02N-002650;ActuDuVoyage_2023-07-24_B;Mes Dossiers;non_categorisee;Reactivation;2023-07-24 06:00:00;Le Puy du Fou : les meilleurs endroits où dormir près du parc pas cher • Cala Goloritzé : la perle secrète de la Sardaigne • Portugal : laissez tomber Lisbonne, Setubal est encore mieux !;Easyvoyage -  Le Mag';newsletter@info.easyvoyage.com;12;38809;38594;38355;99,4;87;124;28;958;2,5;0;142;117;115;0,3;2;10;0,0
02N;REACTIVITE - FR;EMAIL;Campaign;AJBSQ02N-002651;ActuDuVoyage_2023-07-24_EasyWorthyActive;Mes Dossiers;non_categorisee;Certif +;2023-07-24 06:00:00;À Amsterdam, la croisière ne s’amuse plus : les bateaux de croisière désormais interdits • Le verdict est tombé, voici les plus belles plages de Crète • Portugal : laissez tomber Lisbonne, Setubal est encore mieux !;Easyvoyage -  Le Mag';newsletter@news.easyvoyage.com;5,2;372413;370180;363254;98,1;4;578;6344;36174;10,0;285;3208;1917;1874;0,5;43;14;0,0
02N;REACTIVITE - FR;EMAIL;Campaign;AJBSQ02N-002654;ActuDuVoyage_2023-07-25_Test;Mes Dossiers;non_categorisee;Reactivation;2023-07-25 06:00:00;"C'est la meilleure crêperie de Bretagne !" Existe-t-il vraiment un must de la crêpe en Bretagne ? / Crète : les plages et le farniente oui, mais les visites aussi ! (villages, moulins, temples grecs…) / Comment être surclassé à l'hôtel ? (Sans passer pour un forceur !);Easyvoyage -  Le Mag';newsletter@info.easyvoyage.com;0;14;6;6;100;0;0;0;0;0,0;0;0;0;0;0,0;0;0;0,0
02N;REACTIVITE - FR;EMAIL;Campaign;AJBSQ02N-002656;ActuDuVoyage_2023-07-25_A;Mes Dossiers;non_categorisee;Reactivation;2023-07-25 06:00:00;A moins de 3h de Paris, ce village normand nous fait voyager dans le temps . Populaire en avion, le jus de tomate n'a pas le même goût dans les airs ! . Incendies en Grèce : annulations de vols, évacuations… ce qu’il faut savoir;Easyvoyage -  Le Mag';newsletter@info.easyvoyage.com;17,7;157530;155747;155027;99,5;84;566;70;768;0,5;0;250;164;136;0,1;28;16;0,0
02N;REACTIVITE - FR;EMAIL;Campaign;AJBSQ02N-00265C;BP_230725_ODV_AB_TEST_01;ODV;non_categorisee;Certif +;2023-07-25 11:56:00;Jusqu'à -80% sur vos séjours ?? : Tunisie, Monténégro, Maroc, Portugal....;{{= target.properties.get("sender") }};newsletter@news.easyvoyage.com;7;50014;49997;43610;87,2;4;150;6233;2899;6,6;0;308;220;202;0,5;18;14;0,0
02N;REACTIVITE - FR;EMAIL;Campaign;AJBSQ02N-00265D;BP_230725_ODV_AB_TEST_02;ODV;non_categorisee;Certif +;2023-07-25 11:56:00;Réservez vos vacances dés 56€ en Corse, dés 235€ en Portugal & Espagne;{{= target.properties.get("sender") }};newsletter@news.easyvoyage.com;7,7;50014;50000;43565;87,1;7;143;6285;2914;6,7;0;330;237;223;0,5;14;12;0,0
02N;REACTIVITE - FR;EMAIL;Campaign;AJBSQ02N-00265E;DEM_230726_LIDL_ AB_TEST_01;DEM_MERCREDI_2;non_categorisee;Certif +;2023-07-26 11:30:00;Pause vacances : Tunisie en 5? dès 359E, séjour authentique à Monténégro dès 480E, l'Italie dès 214E...;{{= target.properties.get("sender") }};newsletter@news.easyvoyage.com;7,9;50014;49023;42641;87;0;937;5445;2865;6,7;0;350;237;225;0,6;12;4;0,0
02N;REACTIVITE - FR;EMAIL;Campaign;AJBSQ02N-00265M;BP_230725_ODV_PRINCIPALE;ODV;non_categorisee;Principal (O/R);2023-07-25 18:30:00;Réservez vos vacances dés 56€ en Corse, dés 235€ en Portugal & Espagne;{{= target.properties.get("sender") }};newsletter@news.easyvoyage.com;7,9;642056;548417;547370;99,8;37;622;388;52552;9,6;74;5977;4248;4133;0,8;115;144;0,0
02N;REACTIVITE - FR;EMAIL;Campaign;AJBSQ02N-00265N;BP_230725_ODV_SECONDAIRE;ODV;non_categorisee;Secondaire (O/R);2023-07-25 18:30:00;Réservez vos vacances dés 56€ en Corse, dés 235€ en Portugal & Espagne;{{= target.properties.get("sender") }};newsletter@news.easyvoyage.com;17,9;316637;273790;272661;99,6;5;920;204;2552;0,9;0;644;483;456;0,2;27;21;0,0
02N;REACTIVITE - FR;EMAIL;Campaign;AJBSQ02N-00265O;DEM_230728_TUI_AB_TEST_01;DEM_VENDREDI_1;non_categorisee;Certif +;2023-07-28 12:09:00;??Clubs en all inclusive : Tunisie dès 443E | le Maroc dès 629E | le Portugal dès 457E;tui@news.easyvoyage.com;newsletter@news.easyvoyage.com;15,5;40014;40007;38672;96,7;4;65;1266;3885;10,0;25;950;611;601;1,6;10;6;0,0
02N;REACTIVITE - FR;EMAIL;Campaign;AJBSQ02N-00265S;DEM_230726_LIDL_ AB_TEST_02;DEM_MERCREDI_2;non_categorisee;Certif +;2023-07-26 11:30:00;??L'Egypte, Grèce, Monténégro, Maroc, Majorque... Dès 267E;{{= target.properties.get("sender") }};newsletter@news.easyvoyage.com;7;50013;49058;42649;86,9;1;938;5470;2894;6,8;0;295;207;202;0,5;5;3;0,0
02N;REACTIVITE - FR;EMAIL;Campaign;AJBSQ02N-00265U;DEM_230727_LCAF_AB_TEST_01;DEM_JEUDI_1;non_categorisee;Certif +;2023-07-27 12:37:00;? Faites le plein de vacances en 5?dès189€ en Tunisie, dès 409€ en Grèce, dès 289€ au Portugal..;{{= target.properties.get("sender") }};newsletter@news.easyvoyage.com;8;40012;40005;38630;96,6;0;631;744;3720;9,6;12;424;303;299;0,8;4;5;0,0
02N;REACTIVITE - FR;EMAIL;Campaign;AJBSQ02N-002667;DEM_230726_LIDL_ OVERRIDECERTIF+;DEM_MERCREDI_2;non_categorisee;Override Certif+;2023-07-26 18:30:00;Pause vacances : Tunisie en 5? dès 359E, séjour authentique à Monténégro dès 480E, l'Italie dès 214E...;{{= target.properties.get("sender") }};newsletter@news.easyvoyage.com;16,5;282549;229050;225077;98,3;6;2052;1915;16376;7,3;36;4111;2722;2704;1,2;18;14;0,0
02N;REACTIVITE - FR;EMAIL;Campaign;AJBSQ02N-002669;DEM_230726_LIDL_ CERTIF+;DEM_MERCREDI_2;non_categorisee;Certif +;2023-07-26 18:30:00;Pause vacances : Tunisie en 5? dès 359E, séjour authentique à Monténégro dès 480E, l'Italie dès 214E...;{{= target.properties.get("sender") }};newsletter@news.easyvoyage.com;4,2;451366;395546;391620;99;10;3354;562;41787;10,7;0;2519;1806;1745;0,5;61;58;0,0
02N;REACTIVITE - FR;EMAIL;Campaign;AJBSQ02N-00266A;DEM_230726_LIDL_ WELCOME;DEM_MERCREDI_2;non_categorisee;Welcome;2023-07-26 18:30:00;Pause vacances : Tunisie en 5? dès 359E, séjour authentique à Monténégro dès 480E, l'Italie dès 214E...;{{= target.properties.get("sender") }};newsletter@news.easyvoyage.com;161,1;27222;24092;23812;98,8;1;156;123;36;0,2;0;78;59;58;0,2;1;0;0,0
02N;REACTIVITE - FR;EMAIL;Campaign;AJBSQ02N-00266B;DEM_230726_LIDL_ REACTIVATION ;DEM_MERCREDI_2;non_categorisee;Reactivation;2023-07-26 18:30:00;Pause vacances : Tunisie en 5? dès 359E, séjour authentique à Monténégro dès 480E, l'Italie dès 214E...;{{= target.properties.get("sender") }};newsletter@info.easyvoyage.com;80,2;197452;169449;168744;99,6;0;589;116;268;0,2;0;297;216;215;0,1;1;5;0,0
02N;REACTIVITE - FR;EMAIL;Campaign;AJBSQ02N-00266E;DEM_230727_LCAF_AB_TEST_02;DEM_JEUDI_1;non_categorisee;Certif +;2023-07-27 12:38:00;??L'Italie, New York, Portugal... Dès 239E;{{= target.properties.get("sender") }};newsletter@news.easyvoyage.com;10,4;40013;40006;38609;96,5;1;652;744;3617;9,4;0;535;380;377;1,0;3;3;0,0
02N;REACTIVITE - FR;EMAIL;Campaign;AJBSQ02N-00266V;DEM_230727_LCAF_OVERRIDECERTIF+;DEM_JEUDI_1;non_categorisee;Override Certif+;2023-07-27 18:30:00;??L'Italie, New York, Portugal... Dès 239E;{{= target.properties.get("sender") }};newsletter@news.easyvoyage.com;9,8;134391;83701;83605;99,9;1;42;53;9733;11,6;40;1417;962;956;1,2;6;5;0,0
02N;REACTIVITE - FR;EMAIL;Campaign;AJBSQ02N-00266Y;DEM_230727_LCAF_CERTIF+;DEM_JEUDI_1;non_categorisee;Certif +;2023-07-27 18:30:00;??L'Italie, New York, Portugal... Dès 239E;{{= target.properties.get("sender") }};newsletter@news.easyvoyage.com;7,9;70176;43701;43457;99,4;1;166;77;2951;6,8;12;319;238;233;0,5;5;11;0,0
02N;REACTIVITE - FR;EMAIL;Campaign;AJBSQ02N-00266Z;DEM_230727_LCAF_WELCOME;DEM_JEUDI_1;non_categorisee;Welcome;2023-07-27 18:30:00;??L'Italie, New York, Portugal... Dès 239E;{{= target.properties.get("sender") }};newsletter@news.easyvoyage.com;66,7;1617;989;985;99,6;0;2;2;3;0,3;0;5;2;2;0,2;0;0;0,0
02N;REACTIVITE - FR;EMAIL;Campaign;AJBSQ02N-002671;DEM_230727_LCAF_REACTIVATION;DEM_JEUDI_1;non_categorisee;Reactivation;2023-07-27 18:30:00;??L'Italie, New York, Portugal... Dès 239E;{{= target.properties.get("sender") }};newsletter@info.easyvoyage.com;125;6001;3741;3737;99,9;0;2;2;4;0,1;0;6;5;5;0,1;0;0;0,0
02N;REACTIVITE - FR;EMAIL;Campaign;AJBSQ02N-00267C;DEM_230728_TUI_AB_TEST_02;DEM_VENDREDI_1;non_categorisee;Certif +;2023-07-28 12:11:00;Offre exceptionnelle : L'Espagne en tout compris dès 555E | le Portugal dès 457E | la Bulgarie en 4* dès 694E;tui@news.easyvoyage.com;newsletter@news.easyvoyage.com;15,2;40013;40006;38664;96,6;0;60;1282;4308;11,1;13;1027;660;653;1,7;7;4;0,0
02N;REACTIVITE - FR;EMAIL;Campaign;AJBSQ02N-00267D;BP_230729_GEOLOC_PRINCIPALE;GEOLOC;non_categorisee;Principal (O/R);2023-07-29 11:00:00;{{= target.properties.get("Objet") }};{{= target.properties.get("sender") }};newsletter@news.easyvoyage.com;9,4;632062;601088;599968;99,8;28;621;471;48942;8,2;168;7181;4658;4590;0,8;68;53;0,0
02N;REACTIVITE - FR;EMAIL;Campaign;AJBSQ02N-00267E;BP_230729_GEOLOC_SECONDAIRE;GEOLOC;non_categorisee;Secondaire (O/R);2023-07-29 11:00:00;{{= target.properties.get("Objet") }};{{= target.properties.get("sender") }};newsletter@news.easyvoyage.com;15,8;342924;330546;329250;99,6;9;854;433;3007;0,9;6;681;500;474;0,2;26;20;0,0
02N;REACTIVITE - FR;EMAIL;Campaign;AJBSQ02N-00267F;DEM_230728_TUI_OVERRIDECERTIF+;DEM_VENDREDI_1;non_categorisee;Override Certif+;2023-07-28 18:30:00;Offre exceptionnelle : L'Espagne en tout compris dès 555E | le Portugal dès 457E | la Bulgarie en 4* dès 694E;tui@news.easyvoyage.com;newsletter@news.easyvoyage.com;17,5;109671;67914;67818;99,9;1;32;63;9336;13,8;34;2672;1639;1634;2,4;5;5;0,0
02N;REACTIVITE - FR;EMAIL;Campaign;AJBSQ02N-00267G;DEM_230728_TUI_CERTIF+;DEM_VENDREDI_1;non_categorisee;Certif +;2023-07-28 18:30:00;Offre exceptionnelle : L'Espagne en tout compris dès 555E | le Portugal dès 457E | la Bulgarie en 4* dès 694E;tui@news.easyvoyage.com;newsletter@news.easyvoyage.com;11,4;93829;58136;55619;95,7;1;80;2436;5020;9,0;8;782;581;570;1,0;11;12;0,0
02N;REACTIVITE - FR;EMAIL;Campaign;AJBSQ02N-00267H;DEM_230728_TUI_REACTIVATION;DEM_VENDREDI_1;non_categorisee;Reactivation;2023-07-28 18:30:00;Offre exceptionnelle : L'Espagne en tout compris dès 555E | le Portugal dès 457E | la Bulgarie en 4* dès 694E;tui@news.easyvoyage.com;newsletter@info.easyvoyage.com;71,4;6771;4185;4174;99,7;0;11;0;14;0,3;0;16;10;10;0,2;0;0;0,0
02N;REACTIVITE - FR;EMAIL;Campaign;AJBSQ02N-00267N;ActuDuVoyage_2023-07-30_B;Mes Dossiers;non_categorisee;Reactivation;2023-07-30 06:00:00;La nouveauté Air France : un service de dépose bagages est maintenant disponible à Paris • Envie de lire à la plage ?  L’activité gratuite à découvrir cet été en Vendée • Envie de boire un verre en bord de mer, les pieds dans le sable ? Nos meilleures recommandations en Vendée;Easyvoyage -  Le Mag';newsletter@info.easyvoyage.com;15,8;41361;41117;40889;99,4;110;107;11;311;0,8;0;68;54;49;0,1;5;0;0,0
02N;REACTIVITE - FR;EMAIL;Message;AJBSQ02N-000UDR;Alertes_Vols;Alertes_Vol;non_categorisee;Welcome;2023-07-17 00:00:00;{{? !context.isPreview() && !context.isTest() }}{{? !hasPrixRef(alertes[0]) }}Attention le prix de votre vol évolue{{?? hasMultipleAlerts(alertes) }}Attention, les prix de vos vols évoluent ! {{?? isUp(alertes[0]) }}{{=alertes[0].villeRetour}} : hausse de {{=alertes[0].pourcent}}% sur le prix de votre vol{{??}}{{=alertes[0].villeRetour}} : baisse de {{=alertes[0].pourcent}}% sur le prix de votre vol{{?}}{{?}};?? Alerte Vol - Easyvoyage;newsletter@news.easyvoyage.com;475;791;791;783;99;0;8;0;4;0,5;;83;19;19;2,4;0;0;0,0
02N;REACTIVITE - FR;EMAIL;Message;AJBSQ02N-0015FH;Confirmation-inscription;Bienvenue;Mail cyclique Bienvenue;Bienvenue (02S);2023-07-17 00:00:00;Confirmation de votre inscription;Easyvoyage;newsletter@welcome.easyvoyage.com;2;22761;22761;21517;94,5;1065;148;31;4359;20,3;;1875;1851;86;8,6;1739;97;8,1
02N;REACTIVITE - FR;EMAIL;Message;AJBSQ02N-0016S2;Bienvenue_Toaster;Bienvenue;Mail cyclique Bienvenue;Welcome;2023-07-17 00:00:00;{{? target.getField('prenom') && target.getField('nom') }}Le passager {{= target.getField('prenom') }} {{= target.getField('nom') }} est attendu en salle d'embarquement !{{??}}Vous êtes attendu en salle d'embarquement !{{?}};bienvenue@news.easyvoyage.com;newsletter@news.easyvoyage.com;12,8;25612;25612;25186;98,3;112;258;56;3291;13,1;;538;646;420;2,6;296;61;1,2
02N;REACTIVITE - FR;EMAIL;Message;AJBSQ02N-0017MI;Confirmation-inscription_resubscribed;Bienvenue;Mail cyclique Bienvenue;Bienvenue (02S);2023-07-17 00:00:00;Votre ré-inscription est confirmée ?;Easyvoyage;newsletter@welcome.easyvoyage.com;1,6;908;908;902;99,3;5;1;0;258;28,6;;139;155;4;17,2;148;1;16,4
02N;REACTIVITE - FR;EMAIL;Message;AJBSQ02N-0017MJ;Confirmation-inscription_reactivated;Bienvenue;Mail cyclique Bienvenue;Bienvenue (02S);2023-07-17 00:00:00;Votre ré-inscription est confirmée ?;Easyvoyage;newsletter@welcome.easyvoyage.com;1,5;3049;3049;3032;99,4;4;8;5;263;8,7;;56;44;4;1,5;38;1;1,3
02N;REACTIVITE - FR;EMAIL;Message;AJBSQ02N-0017UL;DESABO-Inactifs_v4;Réactivation;Reac;Reactivation;2023-07-17 00:00:00;Suppression de votre compte;Easyvoyage - Infos;newsletter@info.easyvoyage.com;23,3;6091;6091;6052;99,4;1;25;13;253;4,2;;20;61;59;1,0;3;0;0,0
02N;REACTIVITE - FR;EMAIL;Message;AJBSQ02N-0018K8;SONDAGE_VOLSPASCHERS_filiere_bienvenue_v4;Bienvenue;non_categorisee;Certif +;2023-07-17 00:00:00;On a besoin de vous...;mathieu@news.easyvoyage.com;newsletter@news.easyvoyage.com;11,9;18634;18634;18471;99,1;0;137;26;1428;7,7;;302;205;170;1,1;45;7;0,2
02N;REACTIVITE - FR;EMAIL;Message;AJBSQ02N-0018VL;Inactif-Zen_v4_toaster;Réactivation;Reac;Reactivation;2023-07-17 00:00:00;Arrêtez de vous prendre la tête;Votre compte Easyvoyage;newsletter@info.easyvoyage.com;14,8;6433;6433;6337;98,5;0;34;62;196;3,1;;162;34;29;0,5;7;6;0,1
02N;REACTIVITE - FR;EMAIL;Message;AJBSQ02N-001F3M;Routine_Sollicitation_OUVREURS_1_MOIS;RGPD;non_categorisee;Reactivation;2023-07-17 00:00:00;? Bientôt vous ne recevrez plus nos newsletters;confidentialite@news.easyvoyage.com;newsletter@info.easyvoyage.com;6;261;261;261;100;0;0;0;84;32,2;;5;5;5;1,9;0;0;0,0
02N;REACTIVITE - FR;EMAIL;Message;AJBSQ02N-001F3O;Routine_Sollicitation_Ouvreurs2-4mois;RGPD;non_categorisee;Reactivation;2023-07-17 00:00:00;? Bientôt vous ne recevrez plus nos newsletters;confidentialite@news.easyvoyage.com;newsletter@info.easyvoyage.com;0;124;124;123;99,2;0;0;1;23;18,7;;2;0;0;0,0;0;0;0,0
02N;REACTIVITE - FR;EMAIL;Message;AJBSQ02N-001F3Q;Routine_Sollicitation_Ouvreurs+4mois;RGPD;non_categorisee;Reactivation;2023-07-17 00:00:00;? Bientôt vous ne recevrez plus nos newsletters;confidentialite@news.easyvoyage.com;newsletter@info.easyvoyage.com;12,1;4169;4169;4042;97;96;19;12;248;6,1;;37;30;30;0,7;6;4;0,1
02N;REACTIVITE - FR;EMAIL;Message;AJBSQ02N-001F3R;Routine_Sollicitation_RELANCE_Ouvreurs+4MOIS;RGPD;non_categorisee;Reactivation;2023-07-17 00:00:00;? DERNIER AVERTISSEMENT | Suppression de vos données;confidentialite@news.easyvoyage.com;newsletter@info.easyvoyage.com;10,5;184;184;184;100;0;0;0;76;41,3;;8;8;8;4,3;0;0;0,0
02N;REACTIVITE - FR;EMAIL;Message;AJBSQ02N-001F3S;Routine_Sollicitation_RELANCE_Ouvreurs1-4mois;RGPD;non_categorisee;Reactivation;2023-07-17 00:00:00;? DERNIER AVERTISSEMENT | Suppression de vos données;confidentialite@news.easyvoyage.com;newsletter@info.easyvoyage.com;1;291;291;291;100;0;0;0;96;33,0;;6;2;1;0,7;1;0;0,3
02N;REACTIVITE - FR;EMAIL;Message;AJBSQ02N-001GG6;TEST_PERSONNALITÉ_QUEL_VOYAGEUR;Réactivation;non_categorisee;Reactivation;2023-07-17 00:00:00;Vous nous boudez ? On vous propose un petit jeu pour se réconcilier !  ??;Easyvoyage ;newsletter@info.easyvoyage.com;17,5;38572;38572;38108;98,8;123;302;39;263;0,7;;51;69;46;0,2;28;2;0,1
02N;REACTIVITE - FR;EMAIL;Message;AJBSQ02N-001IDG;New_TOP ACTU_V4_Entrée_App5_Welcome;Passage_App;non_categorisee;Welcome;2023-07-17 00:00:00;Les 5 spots de baignades confidentiels en Corse | Les quartiers les plus typiques de Marrakech | Les 3 calanques préservées du tourisme de marsse | Bretagne: activités insolites;actualites@news.easyvoyage.com;newsletter@news.easyvoyage.com;11;8550;8550;8512;99,6;0;18;20;391;4,6;;288;45;43;0,5;4;13;0,0
02N;REACTIVITE - FR;EMAIL;Message;AJBSQ02N-001IDH;New_TOP ACTU_V4_Passage App1 to 4_Certif;Passage_App;non_categorisee;Override Certif+;2023-07-17 00:00:00;Les endroits secrets les plus jolis de Lisbonne | 5 villes italiennes à découvrir | Top des plages de Marseille;actualites@news.easyvoyage.com;newsletter@news.easyvoyage.com;19,6;11146;11146;11085;99,5;0;30;31;710;6,4;;174;143;139;1,3;6;2;0,1
02N;REACTIVITE - FR;EMAIL;Message;AJBSQ02N-001L3U;Confirmation_inscription_alertevol_ok;Campagnes_auto;non_categorisee;Welcome;2023-07-17 00:00:00;Confirmation d'inscription;Alerte vol - Easyvoyage;newsletter@news.easyvoyage.com;100;1;1;1;100;0;0;0;1;100,0;;1;1;1;100,0;0;0;0,0
02N;REACTIVITE - FR;EMAIL;Message;AJBSQ02N-001XNN;REACTIVATION_TOPSERVICES_app5_J+30;Réactivation;non_categorisee;Welcome;2023-07-17 00:00:00;Comment me faire rembourser mon vol annulé ? Que faire en cas de retard ?;laurie@news.easyvoyage.com;newsletter@news.easyvoyage.com;9,2;20216;20216;20020;99;0;127;69;837;4,2;;153;87;77;0,4;10;5;0,0
02N;REACTIVITE - FR;EMAIL;Message;AJBSQ02N-001XNT;REACTIVATION_TOPSERVICES_lastclic=15j._OK;Réactivation;non_categorisee;Override Certif+;2023-07-17 00:00:00;Ce que les compagnies aériennes ne veulent pas que vous sachiez pour trouver un vol pas cher;laurie@news.easyvoyage.com;newsletter@news.easyvoyage.com;50,8;9157;9157;9112;99,5;0;20;25;618;6,8;;1116;317;314;3,5;5;2;0,1
02N;REACTIVITE - FR;EMAIL;Message;AJBSQ02N-001XNU;REACTIVATION_TOPSERVICES_app6_J+30;Réactivation;non_categorisee;Welcome;2023-07-17 00:00:00;Top 3 des meilleures destinations | Séjours all inclusive en promo | Conseils pour dénicher votre vol pas cher;laurie@news.easyvoyage.com;newsletter@news.easyvoyage.com;25;13184;13184;12927;98,1;7;217;33;84;0,6;;65;38;21;0,3;16;2;0,1
02N;REACTIVITE - FR;EMAIL;Message;AJBSQ02N-000UDR;Alertes_Vols;Alertes_Vol;non_categorisee;Welcome;2023-07-24 00:00:00;{{? !context.isPreview() && !context.isTest() }}{{? !hasPrixRef(alertes[0]) }}Attention le prix de votre vol évolue{{?? hasMultipleAlerts(alertes) }}Attention, les prix de vos vols évoluent ! {{?? isUp(alertes[0]) }}{{=alertes[0].villeRetour}} : hausse de {{=alertes[0].pourcent}}% sur le prix de votre vol{{??}}{{=alertes[0].villeRetour}} : baisse de {{=alertes[0].pourcent}}% sur le prix de votre vol{{?}}{{?}};?? Alerte Vol - Easyvoyage;newsletter@news.easyvoyage.com;325;763;763;752;98,6;0;5;6;4;0,5;;83;13;13;1,7;0;0;0,0
02N;REACTIVITE - FR;EMAIL;Message;AJBSQ02N-0015FH;Confirmation-inscription;Bienvenue;Mail cyclique Bienvenue;Bienvenue (02S);2023-07-24 00:00:00;Confirmation de votre inscription;Easyvoyage;newsletter@welcome.easyvoyage.com;2,2;24533;24533;22354;91,1;1930;199;50;4271;19,1;;1875;1741;96;7,8;1609;97;7,2
02N;REACTIVITE - FR;EMAIL;Message;AJBSQ02N-0016S2;Bienvenue_Toaster;Bienvenue;Mail cyclique Bienvenue;Welcome;2023-07-24 00:00:00;{{? target.getField('prenom') && target.getField('nom') }}Le passager {{= target.getField('prenom') }} {{= target.getField('nom') }} est attendu en salle d'embarquement !{{??}}Vous êtes attendu en salle d'embarquement !{{?}};bienvenue@news.easyvoyage.com;newsletter@news.easyvoyage.com;3,5;22068;22068;21686;98,3;72;249;61;2763;12,7;;538;484;97;2,2;467;61;2,2
02N;REACTIVITE - FR;EMAIL;Message;AJBSQ02N-0017MI;Confirmation-inscription_resubscribed;Bienvenue;Mail cyclique Bienvenue;Bienvenue (02S);2023-07-24 00:00:00;Votre ré-inscription est confirmée ?;Easyvoyage;newsletter@welcome.easyvoyage.com;0,9;799;799;792;99,1;5;1;1;230;29,0;;139;133;2;16,8;119;1;15,0
02N;REACTIVITE - FR;EMAIL;Message;AJBSQ02N-0017MJ;Confirmation-inscription_reactivated;Bienvenue;Mail cyclique Bienvenue;Bienvenue (02S);2023-07-24 00:00:00;Votre ré-inscription est confirmée ?;Easyvoyage;newsletter@welcome.easyvoyage.com;4,8;2830;2830;2790;98,6;20;15;5;229;8,2;;56;54;11;1,9;43;1;1,5
02N;REACTIVITE - FR;EMAIL;Message;AJBSQ02N-0017UL;DESABO-Inactifs_v4;Réactivation;Reac;Reactivation;2023-07-24 00:00:00;Suppression de votre compte;Easyvoyage - Infos;newsletter@info.easyvoyage.com;19,9;1818;1818;1789;98,4;1;8;20;141;7,9;;20;31;28;1,7;4;0;0,2
02N;REACTIVITE - FR;EMAIL;Message;AJBSQ02N-0018K8;SONDAGE_VOLSPASCHERS_filiere_bienvenue_v4;Bienvenue;non_categorisee;Certif +;2023-07-24 00:00:00;On a besoin de vous...;mathieu@news.easyvoyage.com;newsletter@news.easyvoyage.com;14,7;25442;25442;25056;98,5;2;326;58;1849;7,4;;302;307;272;1,2;41;7;0,2
02N;REACTIVITE - FR;EMAIL;Message;AJBSQ02N-0018VL;Inactif-Zen_v4_toaster;Réactivation;Reac;Reactivation;2023-07-24 00:00:00;Arrêtez de vous prendre la tête;Votre compte Easyvoyage;newsletter@info.easyvoyage.com;12,6;33330;33330;32952;98,9;13;91;274;843;2,6;;162;122;106;0,4;22;6;0,1
02N;REACTIVITE - FR;EMAIL;Message;AJBSQ02N-001F3M;Routine_Sollicitation_OUVREURS_1_MOIS;RGPD;non_categorisee;Reactivation;2023-07-24 00:00:00;? Bientôt vous ne recevrez plus nos newsletters;confidentialite@news.easyvoyage.com;newsletter@info.easyvoyage.com;4,1;257;257;257;100;0;0;0;73;28,4;;5;3;3;1,2;0;0;0,0
02N;REACTIVITE - FR;EMAIL;Message;AJBSQ02N-001F3O;Routine_Sollicitation_Ouvreurs2-4mois;RGPD;non_categorisee;Reactivation;2023-07-24 00:00:00;? Bientôt vous ne recevrez plus nos newsletters;confidentialite@news.easyvoyage.com;newsletter@info.easyvoyage.com;3,3;150;150;150;100;0;0;0;30;20,0;;2;1;1;0,7;0;0;0,0
02N;REACTIVITE - FR;EMAIL;Message;AJBSQ02N-001F3Q;Routine_Sollicitation_Ouvreurs+4mois;RGPD;non_categorisee;Reactivation;2023-07-24 00:00:00;? Bientôt vous ne recevrez plus nos newsletters;confidentialite@news.easyvoyage.com;newsletter@info.easyvoyage.com;15,7;4704;4704;4420;94;185;61;38;198;4,5;;37;36;31;0,8;9;4;0,2
02N;REACTIVITE - FR;EMAIL;Message;AJBSQ02N-001F3R;Routine_Sollicitation_RELANCE_Ouvreurs+4MOIS;RGPD;non_categorisee;Reactivation;2023-07-24 00:00:00;? DERNIER AVERTISSEMENT | Suppression de vos données;confidentialite@news.easyvoyage.com;newsletter@info.easyvoyage.com;12,7;231;231;230;99,6;0;1;0;71;30,9;;8;9;9;3,9;0;0;0,0
02N;REACTIVITE - FR;EMAIL;Message;AJBSQ02N-001F3S;Routine_Sollicitation_RELANCE_Ouvreurs1-4mois;RGPD;non_categorisee;Reactivation;2023-07-24 00:00:00;? DERNIER AVERTISSEMENT | Suppression de vos données;confidentialite@news.easyvoyage.com;newsletter@info.easyvoyage.com;3,6;408;408;407;99,8;0;0;1;167;41,0;;6;7;6;1,7;1;0;0,2
02N;REACTIVITE - FR;EMAIL;Message;AJBSQ02N-001GG6;TEST_PERSONNALITÉ_QUEL_VOYAGEUR;Réactivation;non_categorisee;Reactivation;2023-07-24 00:00:00;Vous nous boudez ? On vous propose un petit jeu pour se réconcilier !  ??;Easyvoyage ;newsletter@info.easyvoyage.com;14,3;28911;28911;28649;99,1;101;133;28;252;0,9;;51;49;36;0,2;15;2;0,1
02N;REACTIVITE - FR;EMAIL;Message;AJBSQ02N-001IDG;New_TOP ACTU_V4_Entrée_App5_Welcome;Passage_App;non_categorisee;Welcome;2023-07-24 00:00:00;Les 5 spots de baignades confidentiels en Corse | Les quartiers les plus typiques de Marrakech | Les 3 calanques préservées du tourisme de marsse | Bretagne: activités insolites;actualites@news.easyvoyage.com;newsletter@news.easyvoyage.com;14;57014;57014;56842;99,7;4;110;58;1617;2,8;;288;235;226;0,4;22;13;0,0
02N;REACTIVITE - FR;EMAIL;Message;AJBSQ02N-001IDH;New_TOP ACTU_V4_Passage App1 to 4_Certif;Passage_App;non_categorisee;Override Certif+;2023-07-24 00:00:00;Les endroits secrets les plus jolis de Lisbonne | 5 villes italiennes à découvrir | Top des plages de Marseille;actualites@news.easyvoyage.com;newsletter@news.easyvoyage.com;18,6;11945;11945;11878;99,4;1;40;26;765;6,4;;174;146;142;1,2;7;2;0,1
02N;REACTIVITE - FR;EMAIL;Message;AJBSQ02N-001L3U;Confirmation_inscription_alertevol_ok;Campagnes_auto;non_categorisee;Welcome;2023-07-24 00:00:00;Confirmation d'inscription;Alerte vol - Easyvoyage;newsletter@news.easyvoyage.com;66,7;3;3;3;100;0;0;0;3;100,0;;1;2;2;66,7;0;0;0,0
02N;REACTIVITE - FR;EMAIL;Message;AJBSQ02N-001XNN;REACTIVATION_TOPSERVICES_app5_J+30;Réactivation;non_categorisee;Welcome;2023-07-24 00:00:00;Comment me faire rembourser mon vol annulé ? Que faire en cas de retard ?;laurie@news.easyvoyage.com;newsletter@news.easyvoyage.com;8,4;30988;30988;30636;98,9;0;216;136;1334;4,4;;153;126;112;0,4;19;5;0,1
02N;REACTIVITE - FR;EMAIL;Message;AJBSQ02N-001XNT;REACTIVATION_TOPSERVICES_lastclic=15j._OK;Réactivation;non_categorisee;Override Certif+;2023-07-24 00:00:00;Ce que les compagnies aériennes ne veulent pas que vous sachiez pour trouver un vol pas cher;laurie@news.easyvoyage.com;newsletter@news.easyvoyage.com;58,7;17602;17602;17484;99,3;0;64;54;1142;6,5;;1116;671;670;3,8;3;2;0,0
02N;REACTIVITE - FR;EMAIL;Message;AJBSQ02N-001XNU;REACTIVATION_TOPSERVICES_app6_J+30;Réactivation;non_categorisee;Welcome;2023-07-24 00:00:00;Top 3 des meilleures destinations | Séjours all inclusive en promo | Conseils pour dénicher votre vol pas cher;laurie@news.easyvoyage.com;newsletter@news.easyvoyage.com;30,6;19258;19258;18949;98,4;12;254;43;147;0,8;;65;60;45;0,3;15;2;0,1
